{
    "configurations": [
        {
            "name": "Linux",
            "includePath": [
                "${default}",
                "${workspaceFolder}/pintos/src",
                "${workspaceFolder}/pintos/src/lib",
                "${workspaceFolder}/pintos/src/lib/kernel"
            ],
            "defines": [],
            "compilerPath": "/usr/bin/gcc",
            "cStandard": "gnu17",
            "cppStandard": "gnu++14",
            "intelliSenseMode": "gcc-x64"
        }
    ],
    "version": 4
}