{
    // Use IntelliSense to learn about possible attributes.
    // Hover to view descriptions of existing attributes.
    // For more information, visit: https://go.microsoft.com/fwlink/?linkid=830387
    "version": "0.2.0",
    "configurations": [
      {
        "name": "build, host, and attach!",
        "type": "cppdbg",
        "request": "launch",
        "cwd": "${workspaceFolder}/pintos/src/threads",       
        "miDebuggerServerAddress": "localhost:1025",
        "miDebuggerPath": "/usr/bin/gdb",
        "program": "build/kernel.o",
        "miDebuggerArgs": "-x ../misc/gdb-macros",
        "MIMode": "gdb",
        "setupCommands": [
          {
            "description": "Enable pretty-printing for gdb",
            "text": "-enable-pretty-printing",
            "ignoreFailures": true
          },
            
        ],

        "preLaunchTask": "host debug",
        //"postDebugTask": "Terminate All Tasks"
      },
    ]
  }
  