{

   "inputs": [
      {
        "id": "terminate",
        "type": "command",
        "command": "workbench.action.tasks.terminate",
        "args": "terminateAll"
      },
      {
         "id": "test",
         "type": "pickString",
         "options": ["alarm-priority", "priority-preempt", "priority-change", "priority-fifo", "priority-sema", "priority-condvar", "priority-donate-single", "priority-donate-one", "priority-donate-lower", "priority-donate-multiple", "priority-donate-multiple2", "priority-donate-sema", "priority-donate-condvar", "priority-donate-nest", "priority-donate-chain"],
         "description": "Choose Test!",
         "default": "alarm-priority"
      }
    ],

    "tasks": [
      {
         "label": "move",
         "type": "shell",
         "command": "sshpass -p ${config:password} rsync -av ${workspaceFolder}/pintos/src thor:~/CSE130/Lab2/pintos/"
      },
      {
         "label": "make",
         "type": "shell",
         "group": "build",
         "dependsOn": "move",
         "command": "sshpass -p ${config:password} ssh thor 'cd ~/CSE130/Lab2/pintos/src/threads && make' && sshpass -p ${config:password} rsync -av thor:~/CSE130/Lab2/pintos ${workspaceFolder}/ && sshpass -p ${config:password} rsync -av thor:~/CSE130/Lab2/.pintos ${workspaceFolder}/"
      },
      {
         "label": "host debug",
         "type": "shell",
         "command": "sshpass -p ${config:password} ssh thor 'cd ~/CSE130/Lab2/pintos/src/threads && ~/CSE130/Lab2/pintos/src/utils/pintos --gdb --gdb-port=1025 -v -k -T 20 --qemu  -- -q  run ${input:test}'",
         "dependsOn": "make",
         "isBackground": true,
         "problemMatcher": {
            "pattern": {
               "regexp": "(qemu-system-i386)",
               "line": 1
            },
            "background": {
               "activeOnStart": true,
               "beginsPattern": "(qemu-system-i386)",
               "endsPattern": "(qemu-system-i386)"
            }
         }
      },
      {
         "label": "gdb server",
         "type": "shell",
         "command": "sshpass -p ${config:password} ssh thor 'cd ~/CSE130/Lab2/pintos/src/threads && '"
      },
      {
         "label": "tunnel",
         "type": "shell",
         
         "command": "sshpass -p ${config:password} ssh -L 1025:localhost:1025 thor",
         //"dependsOn": "make",
         "isBackground": true,
         "presentation": {
            "echo": true,
            "reveal": "always",
            "focus": false,
            "panel": "shared",
            "showReuseMessage": true,
            "clear": false
         },
         "runOptions": {"runOn": "folderOpen"},
         "group": "build",
         "problemMatcher": {
            "pattern": {
               "regexp": "(Welcome to Ubuntu)",
               "line": 1
            },
            "background": {
               "activeOnStart": true,
               "beginsPattern": "(Welcome to Ubuntu)",
               "endsPattern": "(Welcome to Ubuntu)"
            }
         }
      },
      {
         "label": "Terminate All Tasks",
         "command": "echo ${input:terminate}",
         "type": "shell",
         "problemMatcher": []
      },
      {
         "label": "grade",
         "type": "shell",
         "command": "sshpass -p ${config:password} ssh thor 'cd ~/CSE130/Lab2/pintos/src/threads && make grade'",
         "dependsOn":"make",
         "group": "build",
         "problemMatcher": []
      }
   ],
    "version": "2.0.0"
   }